{"name":"Test Scene","fbWidth":320,"fbHeight":240,"fbFormat":0,"clearColor":[0.3145161271095276,0.3145161271095276,0.3145161271095276,1.0],"doClearColor":true,"doClearDepth":true}