{"name":"","fbWidth":320,"fbHeight":240,"fbFormat":0,"clearColor":[0.850806474685669,0.4837246537208557,0.4837246537208557,1.0],"doClearColor":false,"doClearDepth":false}